Variable,Urban_Mean,Urban_SD,Rural_Mean,Rural_SD,t_value,p_value
Parental Cultural Identity,3.91,0.6,3.05,0.62,37.9,0.0
Children's Cultural Identity,3.61,0.73,2.59,0.61,39.54,0.0
Family Socialization Investment,4.12,1.12,3.29,1.14,19.66,0.0
Parent Cognitive Identity,3.78,0.85,3.05,0.95,21.4,0.0
Parent Affective Identity,4.74,1.15,3.58,1.25,25.58,0.0
Parent Behavioral Identity,3.21,1.02,2.54,1.01,17.48,0.0
Child Cognitive Identity,3.56,0.81,2.62,0.72,32.18,0.0
Child Affective Identity,4.34,1.07,3.1,0.93,32.77,0.0
Child Behavioral Identity,2.92,0.96,2.07,0.76,25.85,0.0
